filename,probability
J01_2018.06.19 08_43_48.jpg,0.7004176378250122
J01_2018.06.27 14_00_17.jpg,0.7029404938220978
J01_2018.06.25 14_57_06.jpg,0.36703217029571533
J01_2018.06.28 14_48_12.jpg,0.5611245930194855
J01_2018.06.28 14_12_32.jpg,0.3322804570198059
J01_2018.06.28 14_25_31.jpg,0.40143507719039917
J01_2018.06.25 10_03_31.jpg,0.5332021415233612
J01_2018.06.23 10_32_42.jpg,0.41883736848831177
J01_2018.06.25 14_42_51.jpg,0.6144868433475494
J01_2018.06.28 14_45_06.jpg,0.6503356993198395
J01_2018.06.19 14_02_18.jpg,0.4922422766685486
J01_2018.06.23 09_43_04.jpg,0.3036460876464844
J01_2018.06.25 14_27_41.jpg,0.5910744965076447
J01_2018.06.23 13_25_48.jpg,0.39639031887054443
J01_2018.06.25 09_01_54.jpg,0.4482097029685974
J01_2018.06.16 10_50_12.jpg,0.23759913444519043
J01_2018.06.19 15_04_20.jpg,0.1677761673927307
J01_2018.06.17 15_12_11.jpg,0.1525978446006775
J01_2018.06.16 10_17_26.jpg,0.728591114282608
J01_2018.06.27 09_53_01.jpg,0.5780625939369202
J01_2018.06.25 14_49_12.jpg,0.28804129362106323
J01_2018.06.23 10_24_35.jpg,0.42471736669540405
J01_2018.06.22 16_04_52.jpg,0.3092195391654968
J01_2018.06.13 14_30_38.jpg,0.26131290197372437
J01_2018.06.17 13_51_14.jpg,0.5837465226650238
J01_2018.06.22 08_43_18.jpg,0.29423701763153076
J01_2018.06.22 14_15_27.jpg,0.4003021717071533
J01_2018.06.22 14_22_27.jpg,0.43091607093811035
J01_2018.06.17 09_25_19.jpg,0.9036307111382484
J01_2018.06.23 10_17_28.jpg,0.5051722526550293
J01_2018.06.28 13_44_44.jpg,0.5480289161205292
J01_2018.06.26 15_35_07.jpg,0.3662247061729431
J01_2018.06.26 13_24_48.jpg,0.24823588132858276
J01_2018.06.25 13_38_35.jpg,0.5665282309055328
J01_2018.06.25 14_47_09.jpg,0.474791944026947
J01_2018.06.20 08_45_04.jpg,0.8893541172146797
J01_2018.06.28 14_15_44.jpg,0.4415949583053589
J01_2018.06.28 14_39_08.jpg,0.4314250946044922
J01_2018.06.28 13_34_30.jpg,0.47493916749954224
J01_2018.06.28 15_47_09.jpg,0.4674603343009949
J01_2018.06.19 15_16_22.jpg,0.80515918135643
J01_2018.06.28 14_36_17.jpg,0.7475164830684662
J01_2018.06.17 13_47_58.jpg,0.9119984284043312
J01_2018.06.19 14_27_39.jpg,0.5256369709968567
J01_2018.06.26 08_55_32.jpg,0.7621333003044128
J01_2018.06.16 09_07_42.jpg,0.33901339769363403
J01_2018.06.23 08_40_45.jpg,0.4358634948730469
J01_2018.06.23 10_09_28.jpg,0.4420228600502014
J01_2018.06.13 13_54_49.jpg,0.40935301780700684
J01_2018.06.23 14_08_41.jpg,0.4219745397567749
J01_2018.06.28 14_06_23.jpg,0.3729187250137329
J01_2018.06.19 13_55_05.jpg,0.39959847927093506
J01_2018.06.23 10_33_04.jpg,0.46065109968185425
J01_2018.06.27 08_58_04.jpg,0.28134292364120483
J01_2018.06.25 14_31_54.jpg,0.3431017994880676
J01_2018.06.26 09_39_20.jpg,0.32023125886917114
J01_2018.06.27 09_18_27.jpg,0.45155274868011475
J01_2018.06.23 09_53_32.jpg,0.3513869643211365
J01_2018.06.27 15_21_12.jpg,0.3621665835380554
J01_2018.06.25 14_56_03.jpg,0.2238820195198059
J01_2018.06.26 09_06_06.jpg,0.6620106995105743
J01_2018.06.20 08_58_29.jpg,0.5912594199180603
J01_2018.06.20 08_46_13.jpg,0.3460795283317566
J01_2018.06.26 13_37_13.jpg,0.38568729162216187
J01_2018.06.25 15_19_00.jpg,0.48979926109313965
J01_2018.06.28 13_49_39.jpg,0.6120038628578186
J01_2018.06.26 08_53_25.jpg,0.7109852135181427
J01_2018.06.19 15_12_28.jpg,0.549232006072998
J01_2018.06.26 09_39_54.jpg,0.4267268776893616
J01_2018.06.20 15_27_05.jpg,0.6510569751262665
J01_2018.06.22 14_42_40.jpg,0.3066510558128357
J01_2018.06.26 14_32_01.jpg,0.3946983814239502
J01_2018.06.27 10_15_59.jpg,0.49282270669937134
J01_2018.06.23 09_08_32.jpg,0.47221922874450684
J01_2018.06.23 09_36_24.jpg,0.3271620273590088
J01_2018.06.19 15_30_56.jpg,0.3472582697868347
J01_2018.06.19 08_46_02.jpg,0.46339404582977295
J01_2018.06.28 15_51_35.jpg,0.3250999450683594
J01_2018.06.26 15_55_19.jpg,0.27646368741989136
J01_2018.06.25 13_24_11.jpg,0.39431726932525635
J01_2018.06.25 14_12_41.jpg,0.37935423851013184
J01_2018.06.26 10_03_14.jpg,0.6973585486412048
J01_2018.06.23 13_30_02.jpg,0.4432523250579834
J01_2018.06.23 14_01_34.jpg,0.41306865215301514
J01_2018.06.22 14_22_45.jpg,0.2927367091178894
J01_2018.06.28 14_02_02.jpg,0.22632259130477905
J01_2018.06.22 08_58_40.jpg,0.3068771958351135
J01_2018.06.16 08_54_19.jpg,0.43856221437454224
J01_2018.06.22 10_11_23.jpg,0.5017123222351074
J01_2018.06.25 08_59_42.jpg,0.5220648944377899
J01_2018.06.25 14_05_53.jpg,0.47617584466934204
J01_2018.06.16 08_52_39.jpg,0.5149621367454529
J01_2018.06.25 14_41_40.jpg,0.49852675199508667
J01_2018.06.27 08_43_50.jpg,0.5492293536663055
J01_2018.06.20 14_35_22.jpg,0.7404474914073944
J01_2018.06.25 13_46_12.jpg,0.42852652072906494
J01_2018.06.23 10_02_34.jpg,0.4393022656440735
J01_2018.06.22 15_51_43.jpg,0.5104977190494537
J01_2018.06.26 09_00_32.jpg,0.5668555200099945
J01_2018.06.28 14_12_46.jpg,0.4559810757637024
J01_2018.06.17 15_10_18.jpg,0.6200014650821686
J01_2018.06.23 10_01_28.jpg,0.5106411874294281
J01_2018.06.23 13_45_56.jpg,0.30830222368240356
J01_2018.06.27 14_57_29.jpg,0.5460378527641296
J01_2018.06.19 08_47_06.jpg,0.4674432873725891
J01_2018.06.25 15_19_38.jpg,0.3202701210975647
J01_2018.06.20 08_50_35.jpg,0.7478036880493164
J01_2018.06.22 08_48_42.jpg,0.49574828147888184
J01_2018.06.25 13_17_14.jpg,0.604194164276123
J01_2018.06.25 14_51_31.jpg,0.08305859565734863
J01_2018.06.17 15_07_54.jpg,0.4788862466812134
J01_2018.06.28 15_36_56.jpg,0.43937671184539795
J01_2018.06.28 13_19_57.jpg,0.35305124521255493
J01_2018.06.26 15_56_02.jpg,0.41086333990097046
J01_2018.06.28 14_34_18.jpg,0.5016819834709167
J01_2018.06.22 15_33_38.jpg,0.4572128653526306
J01_2018.06.25 13_28_01.jpg,0.5457771420478821
J01_2018.06.20 14_28_16.jpg,0.26158368587493896
J01_2018.06.26 13_59_52.jpg,0.39758574962615967
J01_2018.06.26 13_31_57.jpg,0.6756963729858398
J01_2018.06.17 14_56_41.jpg,0.5076121985912323
J01_2018.06.19 09_56_15.jpg,0.4646260142326355
J01_2018.06.23 10_07_00.jpg,0.31662726402282715
J01_2018.06.25 08_49_37.jpg,0.7860019207000732
J01_2018.06.22 09_34_37.jpg,0.5493138432502747
J01_2018.06.26 15_51_55.jpg,0.35325247049331665
J01_2018.06.25 10_03_48.jpg,0.4905397891998291
J01_2018.06.27 09_49_33.jpg,0.4485071301460266
J01_2018.06.19 14_13_28.jpg,0.7247959673404694
J01_2018.06.16 09_27_21.jpg,0.537021815776825
J01_2018.06.27 14_06_38.jpg,0.4069443941116333
J01_2018.06.22 08_45_46.jpg,0.7558363825082779
J01_2018.06.28 14_25_16.jpg,0.7320188283920288
J01_2018.06.25 15_24_40.jpg,0.23951762914657593
J01_2018.06.25 09_58_51.jpg,0.46354353427886963
J01_2018.06.28 14_32_31.jpg,0.5489071607589722
J01_2018.06.13 14_17_26.jpg,0.43969017267227173
J01_2018.06.26 14_41_26.jpg,0.3552372455596924
J01_2018.06.25 14_03_37.jpg,0.3848876357078552
J01_2018.06.23 10_21_30.jpg,0.454584538936615
J01_2018.06.13 14_09_19.jpg,0.29608213901519775
J01_2018.06.25 10_33_17.jpg,0.5208435952663422
J01_2018.06.22 10_20_52.jpg,0.31331610679626465
J01_2018.06.20 14_46_54.jpg,0.4771907925605774
J01_2018.06.22 09_45_07.jpg,0.6123700439929962
J01_2018.06.23 09_36_42.jpg,0.5979087054729462
J01_2018.06.27 09_12_33.jpg,0.6737472414970398
J01_2018.06.23 14_02_07.jpg,0.5123696029186249
J01_2018.06.27 09_46_00.jpg,0.3853147029876709
J01_2018.06.22 14_39_12.jpg,0.28777164220809937
J01_2018.06.26 14_05_49.jpg,0.5695053339004517
J01_2018.06.27 13_53_09.jpg,0.4298020601272583
J01_2018.06.28 15_04_18.jpg,0.24773848056793213
J01_2018.06.17 10_25_50.jpg,0.49239522218704224
J01_2018.06.23 08_43_51.jpg,0.21838217973709106
J01_2018.06.28 15_52_02.jpg,0.40028291940689087
J01_2018.06.16 09_08_59.jpg,0.9989999999525025
J01_2018.06.20 14_13_12.jpg,0.727845162153244
J01_2018.06.25 13_20_48.jpg,0.36793768405914307
J01_2018.06.27 15_12_48.jpg,0.4158480763435364
J01_2018.06.26 15_46_32.jpg,0.308929979801178
J01_2018.06.19 08_43_03.jpg,0.8528062701225281
J01_2018.06.25 13_48_17.jpg,0.46257561445236206
J01_2018.06.26 10_04_15.jpg,0.4863241910934448
J01_2018.06.23 09_56_18.jpg,0.3541993498802185
J01_2018.06.19 10_37_14.jpg,0.383273720741272
J01_2018.06.13 13_22_11.jpg,0.48830050230026245
J01_2018.06.26 15_23_58.jpg,0.35779494047164917
J01_2018.06.23 10_18_52.jpg,0.4243301749229431
J01_2018.06.25 13_17_49.jpg,0.5882211327552795
J01_2018.06.22 16_06_47.jpg,0.37221747636795044
J01_2018.06.27 14_47_49.jpg,0.36966490745544434
J01_2018.06.19 09_12_28.jpg,0.8174412548542023
J01_2018.06.20 14_26_46.jpg,0.5404103696346283
J01_2018.06.26 13_47_34.jpg,0.5333888232707977
J01_2018.06.25 10_19_03.jpg,0.4317898154258728
J01_2018.06.25 08_48_24.jpg,0.8066597431898117
J01_2018.06.19 14_02_30.jpg,0.9221232309937477
J01_2018.06.13 14_02_18.jpg,0.26288360357284546
J01_2018.06.17 15_04_24.jpg,0.4952346682548523
J01_2018.06.25 14_34_54.jpg,0.5896773636341095
J01_2018.06.25 14_39_50.jpg,0.5729782283306122
J01_2018.06.27 13_50_31.jpg,0.7991178631782532
J01_2018.06.17 15_02_50.jpg,0.6886369287967682
J01_2018.06.26 15_10_34.jpg,0.21794408559799194
J01_2018.06.25 15_21_46.jpg,0.4510365128517151
J01_2018.06.19 09_08_50.jpg,0.6129933595657349
J01_2018.06.22 14_15_47.jpg,0.34461134672164917
J01_2018.06.26 08_46_14.jpg,0.31185638904571533
J01_2018.06.27 10_00_41.jpg,0.4108794927597046
J01_2018.06.28 15_10_24.jpg,0.7246367037296295
J01_2018.06.22 10_14_44.jpg,0.5045567750930786
J01_2018.06.27 09_30_43.jpg,0.3577260375022888
J01_2018.06.17 09_55_43.jpg,0.43424880504608154
J01_2018.06.27 10_19_01.jpg,0.28329741954803467
J01_2018.06.26 14_03_16.jpg,0.5593101680278778
J01_2018.06.17 10_20_04.jpg,0.6967546045780182
J01_2018.06.22 16_11_37.jpg,0.4072374105453491
J01_2018.06.20 14_30_39.jpg,0.3450722098350525
J01_2018.06.25 14_06_48.jpg,0.5151305496692657
J01_2018.06.27 13_51_01.jpg,0.6828888058662415
J01_2018.06.27 09_31_31.jpg,0.32418709993362427
J01_2018.06.26 13_38_45.jpg,0.2684870958328247
J01_2018.06.26 14_43_38.jpg,0.13315457105636597
J01_2018.06.26 13_58_15.jpg,0.4063783884048462
J01_2018.06.25 14_48_02.jpg,0.37958651781082153
J01_2018.06.27 09_46_22.jpg,0.3598787188529968
J01_2018.06.22 10_31_28.jpg,0.51296666264534
J01_2018.06.25 10_30_36.jpg,0.3891211152076721
J01_2018.06.28 13_25_05.jpg,0.34435582160949707
J01_2018.06.27 09_55_36.jpg,0.7273367345333099
J01_2018.06.25 14_43_03.jpg,0.458474338054657
J01_2018.06.17 15_29_15.jpg,0.6491246223449707
J01_2018.06.26 14_10_19.jpg,0.36468803882598877
J01_2018.06.19 08_49_14.jpg,0.40492576360702515
J01_2018.06.27 15_02_40.jpg,0.86788110435009
J01_2018.06.25 14_41_53.jpg,0.4241902232170105
J01_2018.06.25 15_14_31.jpg,0.4412519335746765
J01_2018.06.17 13_27_38.jpg,0.6355189085006714
J01_2018.06.16 09_38_47.jpg,0.46885454654693604
J01_2018.06.16 10_13_09.jpg,0.5152009129524231
J01_2018.06.20 08_51_55.jpg,0.3663274049758911
J01_2018.06.26 15_26_50.jpg,0.23264849185943604
J01_2018.06.19 10_03_37.jpg,0.6969043910503387
J01_2018.06.28 14_21_19.jpg,0.6653928160667419
J01_2018.06.25 14_53_53.jpg,0.09428161382675171
J01_2018.06.23 10_04_40.jpg,0.247003436088562
J01_2018.06.27 13_23_50.jpg,0.6500383913516998
J01_2018.06.23 09_20_11.jpg,0.2723713517189026
J01_2018.06.26 15_06_12.jpg,0.43001610040664673
J01_2018.06.25 14_32_48.jpg,0.3361136317253113
J01_2018.06.27 10_07_32.jpg,0.3646083474159241
J01_2018.06.27 14_37_21.jpg,0.36661434173583984
J01_2018.06.16 10_01_34.jpg,0.256885826587677
J01_2018.06.23 13_51_17.jpg,0.5874945819377899
J01_2018.06.25 14_22_43.jpg,0.3483304977416992
J01_2018.06.25 13_49_40.jpg,0.3075123429298401
J01_2018.06.28 13_21_07.jpg,0.7416487038135529
J01_2018.06.23 08_58_55.jpg,0.3650074601173401
J01_2018.06.25 14_31_48.jpg,0.3244590759277344
J01_2018.06.25 15_41_54.jpg,0.8166781812906265
J01_2018.06.22 16_07_43.jpg,0.8514192998409271
J01_2018.06.23 13_39_18.jpg,0.5605565011501312
J01_2018.06.26 13_48_58.jpg,0.6453685760498047
J01_2018.06.27 14_14_00.jpg,0.45238131284713745
J01_2018.06.19 14_34_18.jpg,0.4711276888847351
J01_2018.06.17 15_14_53.jpg,0.5011352598667145
J01_2018.06.26 15_31_01.jpg,0.4371322989463806
J01_2018.06.17 13_45_02.jpg,0.2546854615211487
J01_2018.06.27 13_55_10.jpg,0.44741708040237427
J01_2018.06.27 13_51_49.jpg,0.7104496359825134
J01_2018.06.22 14_03_50.jpg,0.4043298363685608
J01_2018.06.22 16_07_05.jpg,0.30319809913635254
J01_2018.06.26 15_44_08.jpg,0.6371195912361145
J01_2018.06.17 13_35_03.jpg,0.4565677046775818
J01_2018.06.25 15_17_43.jpg,0.30216628313064575
J01_2018.06.28 15_29_30.jpg,0.5126610994338989
J01_2018.06.27 09_31_42.jpg,0.3890342712402344
J01_2018.06.25 10_09_51.jpg,0.4657288193702698
J01_2018.06.17 09_15_07.jpg,0.4268108606338501
J01_2018.06.16 09_44_38.jpg,0.2709912061691284
J01_2018.06.23 09_27_53.jpg,0.30320674180984497
J01_2018.06.26 15_27_22.jpg,0.23196357488632202
J01_2018.06.27 09_31_52.jpg,0.5850948393344879
J01_2018.06.20 15_14_09.jpg,0.6955733597278595
J01_2018.06.16 08_46_30.jpg,0.4195324778556824
J01_2018.06.22 09_06_45.jpg,0.19299519062042236
J01_2018.06.26 14_51_36.jpg,0.4566534757614136
J01_2018.06.25 14_43_13.jpg,0.3924238681793213
J01_2018.06.26 10_19_00.jpg,0.3965662121772766
J01_2018.06.26 14_44_05.jpg,0.16697067022323608
J01_2018.06.26 14_36_49.jpg,0.2792733907699585
J01_2018.06.26 13_38_37.jpg,0.32414066791534424
J01_2018.06.25 13_26_26.jpg,0.4273067116737366
J01_2018.06.16 09_33_23.jpg,0.40983670949935913
J01_2018.06.27 09_03_04.jpg,0.7297061383724213
J01_2018.06.27 15_01_24.jpg,0.6494130790233612
J01_2018.06.23 10_06_42.jpg,0.45314502716064453
J01_2018.06.28 14_00_48.jpg,0.27231860160827637
J01_2018.06.23 09_25_03.jpg,0.37294846773147583
J01_2018.06.25 10_11_11.jpg,0.6223826110363007
J01_2018.06.26 15_36_56.jpg,0.759963721036911
J01_2018.06.26 09_42_19.jpg,0.5218706727027893
J01_2018.06.22 08_41_01.jpg,0.25999075174331665
J01_2018.06.23 09_38_54.jpg,0.621063619852066
J01_2018.06.13 14_05_34.jpg,0.5770693123340607
J01_2018.06.25 13_45_25.jpg,0.4942195415496826
J01_2018.06.23 13_58_08.jpg,0.4010443091392517
J01_2018.06.16 10_22_41.jpg,0.4332519769668579
J01_2018.06.23 13_29_11.jpg,0.4631294012069702
J01_2018.06.26 15_12_53.jpg,0.3011200428009033
J01_2018.06.22 15_46_18.jpg,0.36185723543167114
J01_2018.06.26 14_21_16.jpg,0.37538081407546997
J01_2018.06.17 14_19_14.jpg,0.849052831530571
J01_2018.06.23 09_19_51.jpg,0.3117836117744446
J01_2018.06.25 10_33_47.jpg,0.3152253031730652
J01_2018.06.26 14_59_17.jpg,0.35467422008514404
J01_2018.06.26 14_07_19.jpg,0.3794807195663452
J01_2018.06.26 14_16_05.jpg,0.37160587310791016
J01_2018.06.27 15_16_28.jpg,0.5368528664112091
J01_2018.06.28 14_34_43.jpg,0.5134651064872742
J01_2018.06.19 14_20_39.jpg,0.5972125828266144
J01_2018.06.25 10_29_53.jpg,0.5130777955055237
J01_2018.06.17 13_48_11.jpg,0.979341683909297
J01_2018.06.26 09_28_01.jpg,0.515885055065155
J01_2018.06.19 15_37_59.jpg,0.5421077609062195
J01_2018.06.19 10_18_42.jpg,0.8700630068778992
J01_2018.06.22 08_37_57.jpg,0.6046993136405945
J01_2018.06.25 14_14_12.jpg,0.6096030175685883
J01_2018.06.23 10_47_12.jpg,0.49214309453964233
J01_2018.06.27 13_26_29.jpg,0.35549044609069824
J01_2018.06.23 09_52_17.jpg,0.24010008573532104
J01_2018.06.17 09_21_10.jpg,0.4271699786186218
J01_2018.06.26 09_22_51.jpg,0.3848763108253479
J01_2018.06.26 15_35_33.jpg,0.4396107792854309
J01_2018.06.22 09_01_12.jpg,0.78680120408535
J01_2018.06.26 09_41_20.jpg,0.41122883558273315
J01_2018.06.17 15_33_43.jpg,0.2842971086502075
J01_2018.06.17 09_31_08.jpg,0.6540276408195496
J01_2018.06.26 10_15_51.jpg,0.300007700920105
J01_2018.06.25 13_45_48.jpg,0.5430748164653778
J01_2018.06.28 15_22_15.jpg,0.3508526086807251
J01_2018.06.19 13_57_24.jpg,0.5053063929080963
J01_2018.06.19 09_50_01.jpg,0.6537633538246155
J01_2018.06.17 15_00_19.jpg,0.7063551843166351
J01_2018.06.16 08_49_20.jpg,0.40803372859954834
J01_2018.06.22 15_28_35.jpg,0.3101128339767456
J01_2018.06.28 15_48_26.jpg,0.381320059299469
J01_2018.06.26 15_53_24.jpg,0.3288818597793579
J01_2018.06.19 10_36_29.jpg,0.36742138862609863
J01_2018.06.26 15_50_37.jpg,0.7453822195529938
J01_2018.06.23 13_26_40.jpg,0.3927544951438904
J01_2018.06.16 08_46_42.jpg,0.43425649404525757
J01_2018.06.20 15_50_16.jpg,0.42233145236968994
J01_2018.06.28 14_34_30.jpg,0.5288473963737488
J01_2018.06.13 13_51_57.jpg,0.49343812465667725
J01_2018.06.26 09_13_22.jpg,0.458493173122406
J01_2018.06.17 13_09_58.jpg,0.6830477714538574
J01_2018.06.19 15_32_01.jpg,0.23117846250534058
J01_2018.06.23 10_16_51.jpg,0.5977220237255096
J01_2018.06.26 14_07_49.jpg,0.3498973846435547
J01_2018.06.28 15_23_54.jpg,0.5228563845157623
J01_2018.06.16 10_33_58.jpg,0.34491950273513794
J01_2018.06.25 13_58_58.jpg,0.559177041053772
J01_2018.06.17 15_52_06.jpg,0.10792458057403564
J01_2018.06.25 13_53_08.jpg,0.39440739154815674
J01_2018.06.22 14_52_00.jpg,0.3449326157569885
J01_2018.06.13 14_01_56.jpg,0.30600130558013916
J01_2018.06.20 14_17_09.jpg,0.7161014378070831
J01_2018.06.19 09_09_18.jpg,0.7142742574214935
J01_2018.06.17 13_14_33.jpg,0.6632793247699738
J01_2018.06.23 09_47_01.jpg,0.3337053656578064
J01_2018.06.27 15_09_55.jpg,0.4046139121055603
J01_2018.06.27 10_20_25.jpg,0.3142545223236084
J01_2018.06.22 15_42_19.jpg,0.44149547815322876
J01_2018.06.25 13_54_18.jpg,0.40638023614883423
J01_2018.06.19 09_58_46.jpg,0.7657082378864288
J01_2018.06.20 15_02_17.jpg,0.3453027606010437
J01_2018.06.27 09_33_26.jpg,0.5077433288097382
J01_2018.06.23 10_12_28.jpg,0.510782927274704
J01_2018.06.20 08_44_17.jpg,0.8304666429758072
J01_2018.06.16 09_58_00.jpg,0.5319767594337463
J01_2018.06.25 13_34_06.jpg,0.4774143099784851
J01_2018.06.28 13_23_00.jpg,0.2717236876487732
J01_2018.06.27 08_56_46.jpg,0.43711650371551514
J01_2018.06.28 15_14_43.jpg,0.3199867606163025
J01_2018.06.26 13_25_45.jpg,0.3313647508621216
J01_2018.06.26 15_24_08.jpg,0.3061777353286743
J01_2018.06.27 10_11_40.jpg,0.24907433986663818
J01_2018.06.25 13_37_56.jpg,0.5129510462284088
J01_2018.06.17 15_13_16.jpg,0.16982007026672363
J01_2018.06.27 14_42_34.jpg,0.3341822028160095
J01_2018.06.20 08_46_46.jpg,0.6333633065223694
J01_2018.06.26 14_15_19.jpg,0.39647454023361206
J01_2018.06.23 13_45_00.jpg,0.491507887840271
J01_2018.06.13 13_29_45.jpg,0.6647361814975739
J01_2018.06.26 15_50_56.jpg,0.47921526432037354
J01_2018.06.22 08_55_18.jpg,0.36590665578842163
J01_2018.06.17 09_27_37.jpg,0.45715463161468506
J01_2018.06.27 13_30_08.jpg,0.27975887060165405
J01_2018.06.23 13_28_52.jpg,0.500428318977356
J01_2018.06.27 14_18_50.jpg,0.5025830268859863
J01_2018.06.17 14_19_05.jpg,0.6981815695762634
J01_2018.06.25 09_56_57.jpg,0.7323950827121735
J01_2018.06.13 14_42_59.jpg,0.5726145207881927
J01_2018.06.19 15_10_05.jpg,0.8851471394300461
J01_2018.06.23 08_53_56.jpg,0.2982941269874573
J01_2018.06.25 08_45_04.jpg,0.26165270805358887
J01_2018.06.28 15_42_34.jpg,0.7389217615127563
J01_2018.06.23 13_57_46.jpg,0.47200238704681396
J01_2018.06.22 15_11_11.jpg,0.2257888913154602
J01_2018.06.27 09_27_18.jpg,0.3908241391181946
J01_2018.06.27 10_21_09.jpg,0.26991015672683716
J01_2018.06.19 09_19_27.jpg,0.5649254024028778
J01_2018.06.25 15_19_09.jpg,0.3044775724411011
J01_2018.06.26 15_09_50.jpg,0.31473177671432495
J01_2018.06.17 14_27_55.jpg,0.5831362009048462
J01_2018.06.28 15_45_01.jpg,0.5266744196414948
J01_2018.06.22 10_26_09.jpg,0.5891661942005157
J01_2018.06.22 09_45_25.jpg,0.5698011517524719
J01_2018.06.22 15_29_31.jpg,0.2496930956840515
J01_2018.06.27 09_40_53.jpg,0.5744009613990784
J01_2018.06.22 14_19_41.jpg,0.277885377407074
J01_2018.06.22 08_52_08.jpg,0.4663192629814148
J01_2018.06.27 08_43_18.jpg,0.6961320042610168
J01_2018.06.19 14_50_47.jpg,0.5246325135231018
J01_2018.06.25 15_26_53.jpg,0.22209203243255615
J01_2018.06.28 15_25_25.jpg,0.5785963833332062
J01_2018.06.27 14_21_00.jpg,0.48656314611434937
J01_2018.06.23 09_51_51.jpg,0.4545744061470032
J01_2018.06.26 14_55_06.jpg,0.6453694701194763
J01_2018.06.28 13_22_33.jpg,0.4321786165237427
J01_2018.06.19 14_08_29.jpg,0.21347588300704956
J01_2018.06.28 14_52_18.jpg,0.3400379419326782
J01_2018.06.27 14_46_52.jpg,0.6220208406448364
J01_2018.06.26 15_20_14.jpg,0.2863579988479614
J01_2018.06.26 15_28_11.jpg,0.5911640822887421
J01_2018.06.27 10_15_15.jpg,0.5854105651378632
J01_2018.06.28 14_59_02.jpg,0.3051190972328186
J01_2018.06.17 13_22_55.jpg,0.8317794948816299
J01_2018.06.25 14_08_24.jpg,0.41141021251678467
J01_2018.06.25 13_40_50.jpg,0.5554810762405396
J01_2018.06.28 15_31_40.jpg,0.600355476140976
J01_2018.06.20 14_49_26.jpg,0.5629175901412964
J01_2018.06.22 08_42_52.jpg,0.44407111406326294
J01_2018.06.27 09_50_26.jpg,0.4129381775856018
J01_2018.06.27 10_11_10.jpg,0.298336923122406
J01_2018.06.27 13_21_00.jpg,0.5772853791713715
J01_2018.06.27 09_56_14.jpg,0.6706327795982361
J01_2018.06.19 10_25_53.jpg,0.20169544219970703
J01_2018.06.17 13_21_53.jpg,0.3578823208808899
J01_2018.06.19 15_31_51.jpg,0.3617451786994934
J01_2018.06.26 14_13_20.jpg,0.32069480419158936
J01_2018.06.26 14_17_23.jpg,0.3944547176361084
J01_2018.06.25 13_29_53.jpg,0.4143880605697632
J01_2018.06.27 08_51_53.jpg,0.32821834087371826
J01_2018.06.27 08_52_48.jpg,0.5462034046649933
J01_2018.06.27 09_16_56.jpg,0.5250519514083862
J01_2018.06.13 14_46_00.jpg,0.45120126008987427
J01_2018.06.26 13_32_59.jpg,0.5022523105144501
J01_2018.06.25 14_41_48.jpg,0.4285106658935547
J01_2018.06.28 13_19_22.jpg,0.375895619392395
J01_2018.06.26 15_09_30.jpg,0.5023103058338165
J01_2018.06.13 14_24_00.jpg,0.505888968706131
J01_2018.06.23 09_36_20.jpg,0.3963874578475952
J01_2018.06.28 15_02_50.jpg,0.36758625507354736
J01_2018.06.19 14_32_31.jpg,0.6328291296958923
J01_2018.06.25 15_34_17.jpg,0.1760786771774292
J01_2018.06.26 09_17_03.jpg,0.34604132175445557
J01_2018.06.19 14_37_59.jpg,0.2848042845726013
J01_2018.06.23 09_19_44.jpg,0.342448890209198
J01_2018.06.13 14_22_01.jpg,0.6558145880699158
J01_2018.06.26 10_06_31.jpg,0.4265406131744385
J01_2018.06.17 09_06_17.jpg,0.7556029409170151
J01_2018.06.19 15_41_41.jpg,0.6282887160778046
J01_2018.06.26 08_51_14.jpg,0.27581650018692017
J01_2018.06.23 13_40_22.jpg,0.5118244290351868
J01_2018.06.23 13_27_26.jpg,0.38513463735580444
J01_2018.06.28 15_22_02.jpg,0.34332436323165894
J01_2018.06.26 14_28_16.jpg,0.3278624415397644
J01_2018.06.26 13_37_25.jpg,0.33471447229385376
J01_2018.06.22 14_18_08.jpg,0.647655576467514
J01_2018.06.16 08_49_46.jpg,0.40413790941238403
J01_2018.06.26 09_00_00.jpg,0.6154133975505829
J01_2018.06.25 10_34_40.jpg,0.4962366223335266
J01_2018.06.28 14_09_41.jpg,0.6199195086956024
J01_2018.06.26 14_16_14.jpg,0.41921865940093994
J01_2018.06.27 15_03_08.jpg,0.7478811144828796
J01_2018.06.19 15_39_39.jpg,0.6486994922161102
J01_2018.06.16 08_46_22.jpg,0.6904743313789368
J01_2018.06.19 14_57_04.jpg,0.6396564245223999
J01_2018.06.25 13_35_38.jpg,0.5264254212379456
J01_2018.06.25 08_44_04.jpg,0.40184980630874634
J01_2018.06.17 09_58_26.jpg,0.46985310316085815
J01_2018.06.26 14_21_25.jpg,0.26699763536453247
J01_2018.06.23 13_17_54.jpg,0.2014315128326416
J01_2018.06.17 14_01_59.jpg,0.2667075991630554
J01_2018.06.19 14_30_12.jpg,0.7415878474712372
J01_2018.06.17 08_59_16.jpg,0.3729615807533264
J01_2018.06.26 15_52_54.jpg,0.3357353210449219
J01_2018.06.25 13_24_29.jpg,0.4545521140098572
J01_2018.06.13 14_19_08.jpg,0.474091112613678
J01_2018.06.19 14_44_28.jpg,0.2537813186645508
J01_2018.06.23 09_52_31.jpg,0.3109482526779175
J01_2018.06.26 09_23_16.jpg,0.34054726362228394
J01_2018.06.25 14_57_50.jpg,0.2808339595794678
J01_2018.06.20 14_58_14.jpg,0.5288362801074982
J01_2018.06.17 14_09_29.jpg,0.8668922632932663
J01_2018.06.27 13_49_38.jpg,0.4538254141807556
J01_2018.06.16 09_30_35.jpg,0.42904162406921387
J01_2018.06.22 08_48_50.jpg,0.7204801142215729
J01_2018.06.28 15_25_03.jpg,0.669037401676178
J01_2018.06.20 14_17_32.jpg,0.7061040699481964
J01_2018.06.19 14_41_56.jpg,0.769648939371109
J01_2018.06.19 13_54_51.jpg,0.5082268416881561
J01_2018.06.17 10_18_07.jpg,0.4291665554046631
J01_2018.06.23 14_04_33.jpg,0.15434855222702026
J01_2018.06.22 09_41_46.jpg,0.6204718947410583
J01_2018.06.20 14_19_04.jpg,0.7639684230089188
J01_2018.06.19 08_39_42.jpg,0.4035581350326538
J01_2018.06.26 09_20_17.jpg,0.3149932622909546
J01_2018.06.25 14_59_01.jpg,0.26061147451400757
J01_2018.06.19 09_04_43.jpg,0.4552150368690491
J01_2018.06.28 15_44_45.jpg,0.5398387908935547
J01_2018.06.27 14_59_07.jpg,0.5542256534099579
J01_2018.06.25 13_56_47.jpg,0.2069055438041687
J01_2018.06.27 09_29_44.jpg,0.604974627494812
J01_2018.06.16 10_04_52.jpg,0.2717929482460022
J01_2018.06.25 14_37_36.jpg,0.5836519300937653
J01_2018.06.17 13_56_15.jpg,0.3515509366989136
J01_2018.06.26 13_47_43.jpg,0.5718967020511627
J01_2018.06.13 13_43_25.jpg,0.5671645104885101
J01_2018.06.16 09_54_57.jpg,0.3550678491592407
J01_2018.06.16 10_44_57.jpg,0.3815828561782837
J01_2018.06.17 10_05_26.jpg,0.463370680809021
J01_2018.06.20 14_37_39.jpg,0.6580502092838287
J01_2018.06.26 13_43_49.jpg,0.3442448377609253
J01_2018.06.25 08_53_01.jpg,0.3129388689994812
J01_2018.06.20 15_00_35.jpg,0.6483034789562225
J01_2018.06.25 13_59_11.jpg,0.4281662106513977
J01_2018.06.27 10_03_24.jpg,0.35568535327911377
J01_2018.06.27 10_01_31.jpg,0.3489663600921631
J01_2018.06.23 08_38_46.jpg,0.2808486223220825
J01_2018.06.23 14_09_35.jpg,0.46507519483566284
J01_2018.06.22 13_56_49.jpg,0.6164484918117523
J01_2018.06.27 14_00_55.jpg,0.5476602017879486
J01_2018.06.22 09_41_37.jpg,0.7329448163509369
J01_2018.06.17 10_23_52.jpg,0.7488797008991241
J01_2018.06.22 14_06_02.jpg,0.20668035745620728
J01_2018.06.26 13_32_51.jpg,0.5876856744289398
J01_2018.06.28 13_38_06.jpg,0.4424787163734436
J01_2018.06.17 14_58_23.jpg,0.7187454998493195
J01_2018.06.20 14_52_35.jpg,0.47951358556747437
J01_2018.06.27 15_16_37.jpg,0.5794196426868439
J01_2018.06.19 14_28_46.jpg,0.3981172442436218
J01_2018.06.26 14_21_04.jpg,0.4701831340789795
J01_2018.06.22 14_19_50.jpg,0.22412240505218506
J01_2018.06.25 15_27_30.jpg,0.32948219776153564
J01_2018.06.25 13_34_15.jpg,0.5148493051528931
J01_2018.06.28 13_22_38.jpg,0.30547088384628296
J01_2018.06.16 09_23_16.jpg,0.5442734956741333
J01_2018.06.20 14_38_05.jpg,0.6698015928268433
J01_2018.06.17 09_51_08.jpg,0.471190869808197
J01_2018.06.26 14_24_41.jpg,0.20935362577438354
J01_2018.06.26 13_40_12.jpg,0.4956204891204834
J01_2018.06.17 14_28_09.jpg,0.7269534170627594
J01_2018.06.26 09_39_12.jpg,0.4644855856895447
J01_2018.06.17 14_15_03.jpg,0.0393485426902771
J01_2018.06.28 13_19_11.jpg,0.4009888172149658
J01_2018.06.16 09_23_42.jpg,0.514281302690506
J01_2018.06.19 13_41_07.jpg,0.8072137087583542
J01_2018.06.16 10_20_03.jpg,0.40817028284072876
J01_2018.06.22 10_18_49.jpg,0.6533478498458862
J01_2018.06.23 08_55_20.jpg,0.5500814318656921
J01_2018.06.17 14_14_50.jpg,0.08340209722518921
J01_2018.06.20 14_39_41.jpg,0.6585084199905396
J01_2018.06.23 09_15_19.jpg,0.3006175756454468
J01_2018.06.25 13_33_36.jpg,0.3656194806098938
J01_2018.06.28 13_17_21.jpg,0.3771449327468872
J01_2018.06.26 14_16_21.jpg,0.40014487504959106
J01_2018.06.17 15_53_56.jpg,0.24233126640319824
J01_2018.06.16 09_27_26.jpg,0.3540576696395874
J01_2018.06.26 10_13_37.jpg,0.18834882974624634
J01_2018.06.26 09_05_05.jpg,0.4399029016494751
J01_2018.06.26 09_00_13.jpg,0.47857552766799927
J01_2018.06.26 10_10_34.jpg,0.3090779781341553
J01_2018.06.22 10_16_08.jpg,0.9746423959732056
J01_2018.06.25 13_33_24.jpg,0.4701603651046753
J01_2018.06.25 10_20_55.jpg,0.5877572000026703
J01_2018.06.19 10_00_49.jpg,0.8123672008514404
J01_2018.06.19 14_13_13.jpg,0.733621209859848
J01_2018.06.17 10_09_14.jpg,0.49340176582336426
J01_2018.06.23 13_50_17.jpg,0.45970189571380615
J01_2018.06.27 08_55_19.jpg,0.6651605367660522
J01_2018.06.23 10_33_42.jpg,0.46648967266082764
J01_2018.06.17 14_36_15.jpg,0.8740642070770264
J01_2018.06.19 13_25_51.jpg,0.5458499491214752
J01_2018.06.19 08_36_10.jpg,0.9512891992926598
J01_2018.06.25 10_35_34.jpg,0.3958689570426941
J01_2018.06.27 13_38_19.jpg,0.4481911063194275
J01_2018.06.20 09_06_43.jpg,0.47458547353744507
J01_2018.06.22 15_39_29.jpg,0.275269091129303
J01_2018.06.28 14_30_19.jpg,0.3914005756378174
J01_2018.06.28 13_31_12.jpg,0.26907509565353394
J01_2018.06.19 09_30_55.jpg,0.2876296639442444
J01_2018.06.26 13_44_12.jpg,0.3760712146759033
J01_2018.06.26 14_59_33.jpg,0.4540589451789856
J01_2018.06.25 10_08_15.jpg,0.3667140603065491
J01_2018.06.26 14_18_21.jpg,0.4280063509941101
J01_2018.06.26 09_15_14.jpg,0.41220319271087646
J01_2018.06.23 14_08_31.jpg,0.4975683093070984
J01_2018.06.17 14_28_20.jpg,0.7254505455493927
J01_2018.06.25 08_50_27.jpg,0.49259793758392334
J01_2018.06.19 15_01_58.jpg,0.360895037651062
J01_2018.06.17 15_22_32.jpg,0.4339555501937866
J01_2018.06.20 14_19_20.jpg,0.7062541544437408
J01_2018.06.26 14_53_09.jpg,0.38616126775741577
J01_2018.06.27 10_10_20.jpg,0.3867869973182678
J01_2018.06.23 14_02_00.jpg,0.5080594122409821
J01_2018.06.28 15_18_51.jpg,0.4071123003959656
J01_2018.06.19 14_42_07.jpg,0.8094288855791092
J01_2018.06.23 09_55_38.jpg,0.5844492614269257
J01_2018.06.27 10_13_08.jpg,0.45074981451034546
J01_2018.06.17 14_19_44.jpg,0.7927019149065018
J01_2018.06.27 08_45_45.jpg,0.4091256856918335
J01_2018.06.22 14_06_53.jpg,0.3584687113761902
J01_2018.06.27 08_43_59.jpg,0.7382945120334625
J01_2018.06.19 15_04_09.jpg,0.34007370471954346
J01_2018.06.25 14_32_55.jpg,0.3358803987503052
J01_2018.06.25 15_43_08.jpg,0.9109286814928055
J01_2018.06.17 10_11_34.jpg,0.8210422098636627
J01_2018.06.19 09_05_01.jpg,0.3336285948753357
J01_2018.06.16 10_37_44.jpg,0.404570996761322
J01_2018.06.22 08_51_14.jpg,0.42230409383773804
J01_2018.06.17 09_58_16.jpg,0.5468122363090515
J01_2018.06.26 13_35_14.jpg,0.40322840213775635
J01_2018.06.26 09_04_28.jpg,0.4321988821029663
J01_2018.06.17 13_53_36.jpg,0.46238213777542114
J01_2018.06.22 15_48_47.jpg,0.3434845805168152
J01_2018.06.25 13_35_44.jpg,0.461561918258667
J01_2018.06.26 10_18_51.jpg,0.3433672785758972
J01_2018.06.27 09_57_56.jpg,0.6564159095287323
J01_2018.06.23 09_46_20.jpg,0.4431499242782593
J01_2018.06.27 13_53_40.jpg,0.574271023273468
J01_2018.06.26 09_00_20.jpg,0.5400432050228119
J01_2018.06.20 08_53_32.jpg,0.5066182911396027
J01_2018.06.25 14_14_55.jpg,0.7478519678115845
J01_2018.06.16 09_05_31.jpg,0.26216381788253784
J01_2018.06.26 08_43_20.jpg,0.4024476408958435
J01_2018.06.26 14_12_34.jpg,0.27411776781082153
J01_2018.06.16 10_36_00.jpg,0.26344025135040283
J01_2018.06.23 10_31_45.jpg,0.42058485746383667
J01_2018.06.23 09_03_30.jpg,0.3032463788986206
J01_2018.06.23 13_42_20.jpg,0.19521045684814453
J01_2018.06.17 15_51_55.jpg,0.12606847286224365
J01_2018.06.17 09_13_50.jpg,0.323624849319458
J01_2018.06.26 13_35_44.jpg,0.7097407281398773
J01_2018.06.22 09_12_41.jpg,0.3549146056175232
J01_2018.06.23 10_18_57.jpg,0.3746923804283142
J01_2018.06.26 13_28_40.jpg,0.5295576751232147
J01_2018.06.19 09_06_49.jpg,0.3461918234825134
J01_2018.06.28 14_32_46.jpg,0.6011421978473663
J01_2018.06.17 15_03_38.jpg,0.6151362061500549
J01_2018.06.28 15_12_33.jpg,0.6576933860778809
J01_2018.06.16 09_05_22.jpg,0.365562379360199
J01_2018.06.25 10_02_29.jpg,0.5412025451660156
J01_2018.06.26 14_37_45.jpg,0.3174787163734436
J01_2018.06.19 09_58_03.jpg,0.7941630333662033
J01_2018.06.17 13_20_07.jpg,0.30473893880844116
J01_2018.06.16 10_01_14.jpg,0.40796494483947754
J01_2018.06.27 13_55_33.jpg,0.508850485086441
J01_2018.06.25 15_16_41.jpg,0.4575492739677429
J01_2018.06.28 13_38_55.jpg,0.4969031810760498
J01_2018.06.20 15_38_27.jpg,0.5590153336524963
J01_2018.06.26 14_14_47.jpg,0.4609374403953552
J01_2018.06.16 09_07_21.jpg,0.3440689444541931
J01_2018.06.27 13_48_38.jpg,0.3997032642364502
J01_2018.06.25 15_11_09.jpg,0.295383095741272
J01_2018.06.28 14_58_31.jpg,0.7426704466342926
J01_2018.06.20 15_22_42.jpg,0.5037431418895721
J01_2018.06.20 15_32_19.jpg,0.3793919086456299
J01_2018.06.16 10_13_29.jpg,0.4351349472999573
